{"api_username":"titan_traffic","api_password":"6jhm3gn9gb5d","lead_type":"hfidsbf928yfhbn","FirstName":"Sobirjon","LastName":"Rakhmonov","email":"sobir42084774@gmail.com","Phone":"+998945192722","landing":"THEp2p","sub1":"erreth2dho"}
{"success":1,"error_key":0,"message":"Success: Lid add in CRM","lead_data":{"lead_id":"we29pcb71kg6","first_name":"Sobirjon","last_name":"Rakhmonov","email":"sobir42084774@gmail.com"}}
{"api_username":"titan_traffic","api_password":"6jhm3gn9gb5d","lead_type":"hfidsbf928yfhbn","FirstName":"Mohigul","LastName":"Rayimova Momin qizi","email":"rayimovamohigul6@gmail.com","Phone":"+998916544070","landing":"THEp2p","sub1":"3k9i8lr2e08"}
{"success":1,"error_key":0,"message":"Success: Lid add in CRM","lead_data":{"lead_id":"d8o268lvzw95","first_name":"Mohigul","last_name":"Rayimova Momin qizi","email":"rayimovamohigul6@gmail.com"}}
{"api_username":"titan_traffic","api_password":"6jhm3gn9gb5d","lead_type":"hfidsbf928yfhbn","FirstName":"\u041a\u0443\u0440\u0430\u043b\u0430\u0439","LastName":"\u041a\u0443\u043b\u0441\u0435\u0438\u0442\u043e\u0432\u0430","email":"kura_7431@mail.ru","Phone":"+77058147424","landing":"THEp2p","sub1":"vkqkn02eol"}
{"success":1,"error_key":0,"message":"Success: Lid add in CRM","lead_data":{"lead_id":"k59ciucs8vec","first_name":"\u041a\u0443\u0440\u0430\u043b\u0430\u0439","last_name":"\u041a\u0443\u043b\u0441\u0435\u0438\u0442\u043e\u0432\u0430","email":"kura_7431@mail.ru"}}
{"api_username":"titan_traffic","api_password":"6jhm3gn9gb5d","lead_type":"hfidsbf928yfhbn","FirstName":"Diora","LastName":"Ismailova","email":"dioraismailova332@gmail.com","Phone":"+998917171817","landing":"THEp2p","sub1":"10fkflg2ep4"}
{"success":1,"error_key":0,"message":"Success: Lid add in CRM","lead_data":{"lead_id":"5qsdahjijvxe","first_name":"Diora","last_name":"Ismailova","email":"dioraismailova332@gmail.com"}}
{"api_username":"titan_traffic","api_password":"6jhm3gn9gb5d","lead_type":"hfidsbf928yfhbn","FirstName":"Ogabek","LastName":"Raximboyev","email":"ogabek.raximboyev@icloud.com","Phone":"+998903317601","landing":"THEp2p","sub1":"4qd3h12erb"}
{"success":1,"error_key":0,"message":"Success: Lid add in CRM","lead_data":{"lead_id":"vwji5dlt8pvt","first_name":"Ogabek","last_name":"Raximboyev","email":"ogabek.raximboyev@icloud.com"}}
{"api_username":"titan_traffic","api_password":"6jhm3gn9gb5d","lead_type":"hfidsbf928yfhbn","FirstName":"Kunte","LastName":"Isqirtov","email":"kunte0213@yandex.ru","Phone":"+998936221302","landing":"THEp2p","sub1":"2840dvf2f2a"}
{"success":1,"error_key":0,"message":"Success: Lid add in CRM","lead_data":{"lead_id":"b0aih6hvvr7m","first_name":"Kunte","last_name":"Isqirtov","email":"kunte0213@yandex.ru"}}
{"api_username":"titan_traffic","api_password":"6jhm3gn9gb5d","lead_type":"hfidsbf928yfhbn","FirstName":"\u0420\u0430\u043c\u0438\u043b\u044c","LastName":"\u0428\u0430\u043a\u0438\u0440\u043e\u0432","email":"ramilshakirov418@gmail.com","Phone":"+998905557965","landing":"THEp2p","sub1":"batcma2f65"}
{"success":1,"error_key":0,"message":"Success: Lid add in CRM","lead_data":{"lead_id":"rqltfg9qd0a4","first_name":"\u0420\u0430\u043c\u0438\u043b\u044c","last_name":"\u0428\u0430\u043a\u0438\u0440\u043e\u0432","email":"ramilshakirov418@gmail.com"}}
{"api_username":"titan_traffic","api_password":"6jhm3gn9gb5d","lead_type":"hfidsbf928yfhbn","FirstName":"\u0413\u0443\u043b\u044c\u0448\u0438\u0440\u0430","LastName":"\u0410\u0445\u043c\u0435\u0442\u043e\u0432\u0430","email":"gulshirka@gmail.com","Phone":"+77073569268","landing":"THEp2p","sub1":"15uh1ms2fov"}
{"success":1,"error_key":0,"message":"Success: Lid add in CRM","lead_data":{"lead_id":"1v2hc93yeys8","first_name":"\u0413\u0443\u043b\u044c\u0448\u0438\u0440\u0430","last_name":"\u0410\u0445\u043c\u0435\u0442\u043e\u0432\u0430","email":"gulshirka@gmail.com"}}
